<?xml version="1.0" encoding="UTF-8"?>
<!DOCTYPE topology SYSTEM "hwloc2.dtd">
<topology version="2.0">
  <object type="Machine" os_index="0" cpuset="0x0000ffff" complete_cpuset="0x0000ffff" allowed_cpuset="0x0000ffff" nodeset="0x00000001" complete_nodeset="0x00000001" allowed_nodeset="0x00000001" gp_index="1">
    <info name="Backend" value="Windows"/>
    <info name="hwlocVersion" value="2.0.4"/>
    <info name="ProcessName" value="testformycode.exe"/>
    <object type="Package" cpuset="0x0000ffff" complete_cpuset="0x0000ffff" nodeset="0x00000001" complete_nodeset="0x00000001" gp_index="2">
      <info name="CPUVendor" value="AuthenticAMD"/>
      <info name="CPUFamilyNumber" value="23"/>
      <info name="CPUModelNumber" value="8"/>
      <info name="CPUModel" value="AMD Ryzen 7 2700X Eight-Core Processor         "/>
      <info name="CPUStepping" value="2"/>
      <object type="NUMANode" os_index="0" cpuset="0x0000ffff" complete_cpuset="0x0000ffff" nodeset="0x00000001" complete_nodeset="0x00000001" gp_index="29" local_memory="25515728896">
        <page_type size="4096" count="0"/>
      </object>
      <object type="L3Cache" cpuset="0x000000ff" complete_cpuset="0x000000ff" nodeset="0x00000001" complete_nodeset="0x00000001" gp_index="6" cache_size="8388608" depth="3" cache_linesize="64" cache_associativity="16" cache_type="0">
        <info name="Inclusive" value="0"/>
        <object type="L2Cache" cpuset="0x00000003" complete_cpuset="0x00000003" nodeset="0x00000001" complete_nodeset="0x00000001" gp_index="5" cache_size="524288" depth="2" cache_linesize="64" cache_associativity="8" cache_type="0">
          <info name="Inclusive" value="1"/>
          <object type="L1Cache" cpuset="0x00000003" complete_cpuset="0x00000003" nodeset="0x00000001" complete_nodeset="0x00000001" gp_index="4" cache_size="32768" depth="1" cache_linesize="64" cache_associativity="8" cache_type="1">
            <info name="Inclusive" value="0"/>
            <object type="Core" cpuset="0x00000003" complete_cpuset="0x00000003" nodeset="0x00000001" complete_nodeset="0x00000001" gp_index="3">
              <object type="PU" os_index="0" cpuset="0x00000001" complete_cpuset="0x00000001" nodeset="0x00000001" complete_nodeset="0x00000001" gp_index="31"/>
              <object type="PU" os_index="1" cpuset="0x00000002" complete_cpuset="0x00000002" nodeset="0x00000001" complete_nodeset="0x00000001" gp_index="32"/>
            </object>
          </object>
        </object>
        <object type="L2Cache" cpuset="0x0000000c" complete_cpuset="0x0000000c" nodeset="0x00000001" complete_nodeset="0x00000001" gp_index="9" cache_size="524288" depth="2" cache_linesize="64" cache_associativity="8" cache_type="0">
          <info name="Inclusive" value="1"/>
          <object type="L1Cache" cpuset="0x0000000c" complete_cpuset="0x0000000c" nodeset="0x00000001" complete_nodeset="0x00000001" gp_index="8" cache_size="32768" depth="1" cache_linesize="64" cache_associativity="8" cache_type="1">
            <info name="Inclusive" value="0"/>
            <object type="Core" cpuset="0x0000000c" complete_cpuset="0x0000000c" nodeset="0x00000001" complete_nodeset="0x00000001" gp_index="7">
              <object type="PU" os_index="2" cpuset="0x00000004" complete_cpuset="0x00000004" nodeset="0x00000001" complete_nodeset="0x00000001" gp_index="33"/>
              <object type="PU" os_index="3" cpuset="0x00000008" complete_cpuset="0x00000008" nodeset="0x00000001" complete_nodeset="0x00000001" gp_index="34"/>
            </object>
          </object>
        </object>
        <object type="L2Cache" cpuset="0x00000030" complete_cpuset="0x00000030" nodeset="0x00000001" complete_nodeset="0x00000001" gp_index="12" cache_size="524288" depth="2" cache_linesize="64" cache_associativity="8" cache_type="0">
          <info name="Inclusive" value="1"/>
          <object type="L1Cache" cpuset="0x00000030" complete_cpuset="0x00000030" nodeset="0x00000001" complete_nodeset="0x00000001" gp_index="11" cache_size="32768" depth="1" cache_linesize="64" cache_associativity="8" cache_type="1">
            <info name="Inclusive" value="0"/>
            <object type="Core" cpuset="0x00000030" complete_cpuset="0x00000030" nodeset="0x00000001" complete_nodeset="0x00000001" gp_index="10">
              <object type="PU" os_index="4" cpuset="0x00000010" complete_cpuset="0x00000010" nodeset="0x00000001" complete_nodeset="0x00000001" gp_index="35"/>
              <object type="PU" os_index="5" cpuset="0x00000020" complete_cpuset="0x00000020" nodeset="0x00000001" complete_nodeset="0x00000001" gp_index="36"/>
            </object>
          </object>
        </object>
        <object type="L2Cache" cpuset="0x000000c0" complete_cpuset="0x000000c0" nodeset="0x00000001" complete_nodeset="0x00000001" gp_index="15" cache_size="524288" depth="2" cache_linesize="64" cache_associativity="8" cache_type="0">
          <info name="Inclusive" value="1"/>
          <object type="L1Cache" cpuset="0x000000c0" complete_cpuset="0x000000c0" nodeset="0x00000001" complete_nodeset="0x00000001" gp_index="14" cache_size="32768" depth="1" cache_linesize="64" cache_associativity="8" cache_type="1">
            <info name="Inclusive" value="0"/>
            <object type="Core" cpuset="0x000000c0" complete_cpuset="0x000000c0" nodeset="0x00000001" complete_nodeset="0x00000001" gp_index="13">
              <object type="PU" os_index="6" cpuset="0x00000040" complete_cpuset="0x00000040" nodeset="0x00000001" complete_nodeset="0x00000001" gp_index="37"/>
              <object type="PU" os_index="7" cpuset="0x00000080" complete_cpuset="0x00000080" nodeset="0x00000001" complete_nodeset="0x00000001" gp_index="38"/>
            </object>
          </object>
        </object>
      </object>
      <object type="L3Cache" cpuset="0x0000ff00" complete_cpuset="0x0000ff00" nodeset="0x00000001" complete_nodeset="0x00000001" gp_index="19" cache_size="8388608" depth="3" cache_linesize="64" cache_associativity="16" cache_type="0">
        <info name="Inclusive" value="0"/>
        <object type="L2Cache" cpuset="0x00000300" complete_cpuset="0x00000300" nodeset="0x00000001" complete_nodeset="0x00000001" gp_index="18" cache_size="524288" depth="2" cache_linesize="64" cache_associativity="8" cache_type="0">
          <info name="Inclusive" value="1"/>
          <object type="L1Cache" cpuset="0x00000300" complete_cpuset="0x00000300" nodeset="0x00000001" complete_nodeset="0x00000001" gp_index="17" cache_size="32768" depth="1" cache_linesize="64" cache_associativity="8" cache_type="1">
            <info name="Inclusive" value="0"/>
            <object type="Core" cpuset="0x00000300" complete_cpuset="0x00000300" nodeset="0x00000001" complete_nodeset="0x00000001" gp_index="16">
              <object type="PU" os_index="8" cpuset="0x00000100" complete_cpuset="0x00000100" nodeset="0x00000001" complete_nodeset="0x00000001" gp_index="39"/>
              <object type="PU" os_index="9" cpuset="0x00000200" complete_cpuset="0x00000200" nodeset="0x00000001" complete_nodeset="0x00000001" gp_index="40"/>
            </object>
          </object>
        </object>
        <object type="L2Cache" cpuset="0x00000c00" complete_cpuset="0x00000c00" nodeset="0x00000001" complete_nodeset="0x00000001" gp_index="22" cache_size="524288" depth="2" cache_linesize="64" cache_associativity="8" cache_type="0">
          <info name="Inclusive" value="1"/>
          <object type="L1Cache" cpuset="0x00000c00" complete_cpuset="0x00000c00" nodeset="0x00000001" complete_nodeset="0x00000001" gp_index="21" cache_size="32768" depth="1" cache_linesize="64" cache_associativity="8" cache_type="1">
            <info name="Inclusive" value="0"/>
            <object type="Core" cpuset="0x00000c00" complete_cpuset="0x00000c00" nodeset="0x00000001" complete_nodeset="0x00000001" gp_index="20">
              <object type="PU" os_index="10" cpuset="0x00000400" complete_cpuset="0x00000400" nodeset="0x00000001" complete_nodeset="0x00000001" gp_index="41"/>
              <object type="PU" os_index="11" cpuset="0x00000800" complete_cpuset="0x00000800" nodeset="0x00000001" complete_nodeset="0x00000001" gp_index="42"/>
            </object>
          </object>
        </object>
        <object type="L2Cache" cpuset="0x00003000" complete_cpuset="0x00003000" nodeset="0x00000001" complete_nodeset="0x00000001" gp_index="25" cache_size="524288" depth="2" cache_linesize="64" cache_associativity="8" cache_type="0">
          <info name="Inclusive" value="1"/>
          <object type="L1Cache" cpuset="0x00003000" complete_cpuset="0x00003000" nodeset="0x00000001" complete_nodeset="0x00000001" gp_index="24" cache_size="32768" depth="1" cache_linesize="64" cache_associativity="8" cache_type="1">
            <info name="Inclusive" value="0"/>
            <object type="Core" cpuset="0x00003000" complete_cpuset="0x00003000" nodeset="0x00000001" complete_nodeset="0x00000001" gp_index="23">
              <object type="PU" os_index="12" cpuset="0x00001000" complete_cpuset="0x00001000" nodeset="0x00000001" complete_nodeset="0x00000001" gp_index="43"/>
              <object type="PU" os_index="13" cpuset="0x00002000" complete_cpuset="0x00002000" nodeset="0x00000001" complete_nodeset="0x00000001" gp_index="44"/>
            </object>
          </object>
        </object>
        <object type="L2Cache" cpuset="0x0000c000" complete_cpuset="0x0000c000" nodeset="0x00000001" complete_nodeset="0x00000001" gp_index="28" cache_size="524288" depth="2" cache_linesize="64" cache_associativity="8" cache_type="0">
          <info name="Inclusive" value="1"/>
          <object type="L1Cache" cpuset="0x0000c000" complete_cpuset="0x0000c000" nodeset="0x00000001" complete_nodeset="0x00000001" gp_index="27" cache_size="32768" depth="1" cache_linesize="64" cache_associativity="8" cache_type="1">
            <info name="Inclusive" value="0"/>
            <object type="Core" cpuset="0x0000c000" complete_cpuset="0x0000c000" nodeset="0x00000001" complete_nodeset="0x00000001" gp_index="26">
              <object type="PU" os_index="14" cpuset="0x00004000" complete_cpuset="0x00004000" nodeset="0x00000001" complete_nodeset="0x00000001" gp_index="45"/>
              <object type="PU" os_index="15" cpuset="0x00008000" complete_cpuset="0x00008000" nodeset="0x00000001" complete_nodeset="0x00000001" gp_index="46"/>
            </object>
          </object>
        </object>
      </object>
    </object>
  </object>
</topology>
